timestamp,datetime,open,high,low,close,volume
1703255400,2023-12-22T09:30:00.000-05:00,76.14,76.14,76.14,76.14,174
1703255580,2023-12-22T09:33:00.000-05:00,75.128,75.128,75.128,75.128,253
1703256780,2023-12-22T09:53:00.000-05:00,76.77,76.99,76.66,76.7075,1429
1703256840,2023-12-22T09:54:00.000-05:00,76.67,76.86,76.67,76.73,1801
1703256900,2023-12-22T09:55:00.000-05:00,76.915,76.915,76.915,76.915,152
1703257140,2023-12-22T09:59:00.000-05:00,76.88,77.005,76.88,77.005,1195
1703257260,2023-12-22T10:01:00.000-05:00,76.88,76.975,76.87,76.97,1585
1703257320,2023-12-22T10:02:00.000-05:00,76.985,77.005,76.88,76.88,4871
1703257380,2023-12-22T10:03:00.000-05:00,76.965,76.965,76.77,76.77,1210
1703257440,2023-12-22T10:04:00.000-05:00,76.807,76.91,76.807,76.86,967
1703257500,2023-12-22T10:05:00.000-05:00,76.91,77.055,76.86,77.055,3303
1703257560,2023-12-22T10:06:00.000-05:00,77.055,77.06,76.97,77.055,1329
1703257620,2023-12-22T10:07:00.000-05:00,77.04,77.1,77.04,77.1,642
1703257680,2023-12-22T10:08:00.000-05:00,77.06,77.12,77.06,77.12,1276
1703257740,2023-12-22T10:09:00.000-05:00,77.11,77.11,77.11,77.11,111
1703257800,2023-12-22T10:10:00.000-05:00,77.12,77.12,76.97,76.97,558
1703257860,2023-12-22T10:11:00.000-05:00,76.91,76.91,76.91,76.91,339
1703259120,2023-12-22T10:32:00.000-05:00,76.96,76.96,76.96,76.96,303
1703259360,2023-12-22T10:36:00.000-05:00,77.01,77.01,77.01,77.01,274
1703261220,2023-12-22T11:07:00.000-05:00,76.66,76.78,76.66,76.78,904
1703261340,2023-12-22T11:09:00.000-05:00,76.78,76.79,76.78,76.79,496
1703262060,2023-12-22T11:21:00.000-05:00,77.02,77.02,77.0,77.0,334
1703262180,2023-12-22T11:23:00.000-05:00,77.055,77.055,77.055,77.055,111
1703262780,2023-12-22T11:33:00.000-05:00,76.8501,76.8501,76.8501,76.8501,129
1703263080,2023-12-22T11:38:00.000-05:00,76.83,76.83,76.83,76.83,589
1703263260,2023-12-22T11:41:00.000-05:00,76.66,76.66,76.66,76.66,111
1703263380,2023-12-22T11:43:00.000-05:00,76.52,76.52,76.52,76.52,514
1703263440,2023-12-22T11:44:00.000-05:00,76.55,76.55,76.55,76.55,125
1703263920,2023-12-22T11:52:00.000-05:00,76.555,76.555,76.555,76.555,179
1703263980,2023-12-22T11:53:00.000-05:00,76.69,76.84,76.68,76.84,1267
1703264700,2023-12-22T12:05:00.000-05:00,76.97,76.97,76.97,76.97,157
1703265180,2023-12-22T12:13:00.000-05:00,76.8426,76.8426,76.8426,76.8426,225
1703265300,2023-12-22T12:15:00.000-05:00,76.93,76.93,76.93,76.93,122
1703265420,2023-12-22T12:17:00.000-05:00,76.97,76.97,76.97,76.97,559
1703265600,2023-12-22T12:20:00.000-05:00,77.06,77.06,77.06,77.06,120
1703265960,2023-12-22T12:26:00.000-05:00,76.93,76.93,76.93,76.93,101
1703267040,2023-12-22T12:44:00.000-05:00,76.85,76.85,76.85,76.85,109
1703267160,2023-12-22T12:46:00.000-05:00,77.005,77.005,77.005,77.005,133
1703267520,2023-12-22T12:52:00.000-05:00,77.08,77.08,77.08,77.08,293
1703268600,2023-12-22T13:10:00.000-05:00,76.93,77.0,76.93,77.0,479
1703269500,2023-12-22T13:25:00.000-05:00,76.92,77.0,76.89,76.89,985
1703270580,2023-12-22T13:43:00.000-05:00,76.88,76.88,76.825,76.825,516
1703271120,2023-12-22T13:52:00.000-05:00,76.79,76.79,76.79,76.79,144
1703272440,2023-12-22T14:14:00.000-05:00,76.92,76.92,76.86,76.86,704
1703273040,2023-12-22T14:24:00.000-05:00,76.67,76.7,76.67,76.7,499
1703273880,2023-12-22T14:38:00.000-05:00,76.75,76.75,76.75,76.75,134
1703273940,2023-12-22T14:39:00.000-05:00,76.63,76.71,76.63,76.71,292
1703274780,2023-12-22T14:53:00.000-05:00,76.76,76.765,76.75,76.75,601
1703274900,2023-12-22T14:55:00.000-05:00,76.61,76.655,76.61,76.655,216
1703274960,2023-12-22T14:56:00.000-05:00,76.7,76.71,76.7,76.71,235
1703275560,2023-12-22T15:06:00.000-05:00,76.7459,76.765,76.7459,76.765,231
1703275800,2023-12-22T15:10:00.000-05:00,76.71,76.71,76.71,76.71,603
1703275860,2023-12-22T15:11:00.000-05:00,76.69,76.69,76.69,76.69,311
1703275920,2023-12-22T15:12:00.000-05:00,76.64,76.64,76.64,76.64,213
1703276040,2023-12-22T15:14:00.000-05:00,76.7,76.7,76.7,76.7,139
1703276640,2023-12-22T15:24:00.000-05:00,76.77,76.78,76.77,76.78,368
1703276940,2023-12-22T15:29:00.000-05:00,76.86,76.86,76.84,76.84,333
1703277240,2023-12-22T15:34:00.000-05:00,76.72,76.72,76.71,76.71,396
1703277360,2023-12-22T15:36:00.000-05:00,76.66,76.66,76.66,76.66,150
1703277600,2023-12-22T15:40:00.000-05:00,76.68,76.68,76.68,76.68,301
1703277900,2023-12-22T15:45:00.000-05:00,76.69,76.69,76.69,76.69,171
1703278020,2023-12-22T15:47:00.000-05:00,76.645,76.645,76.645,76.645,177
1703278140,2023-12-22T15:49:00.000-05:00,76.64,76.66,76.64,76.66,334
1703278200,2023-12-22T15:50:00.000-05:00,76.73,76.77,76.69,76.69,1072
1703278260,2023-12-22T15:51:00.000-05:00,76.76,76.79,76.76,76.79,356
1703278440,2023-12-22T15:54:00.000-05:00,76.87,76.91,76.82,76.82,1159
1703278560,2023-12-22T15:56:00.000-05:00,76.83,76.85,76.77,76.77,558
1703278680,2023-12-22T15:58:00.000-05:00,76.84,76.84,76.84,76.84,652
1703278740,2023-12-22T15:59:00.000-05:00,76.76,76.76,76.76,76.76,1389
1703278800,2023-12-22T16:00:00.000-05:00,76.77,76.77,76.77,76.77,9758
1703592180,2023-12-26T07:03:00.000-05:00,76.18,76.18,76.18,76.18,124
1703601000,2023-12-26T09:30:00.000-05:00,76.84,76.84,76.84,76.84,343
1703602500,2023-12-26T09:55:00.000-05:00,77.19,77.21,77.06,77.21,1952
1703602620,2023-12-26T09:57:00.000-05:00,77.005,77.005,77.005,77.005,100
1703603340,2023-12-26T10:09:00.000-05:00,77.0,77.19,77.0,77.0,2729
1703603460,2023-12-26T10:11:00.000-05:00,77.18,77.18,77.18,77.18,570
1703604600,2023-12-26T10:30:00.000-05:00,77.425,77.425,77.425,77.425,297
1703604900,2023-12-26T10:35:00.000-05:00,77.5,77.5,77.5,77.5,711
1703605380,2023-12-26T10:43:00.000-05:00,77.435,77.54,77.405,77.54,1439
1703605440,2023-12-26T10:44:00.000-05:00,77.43,77.54,77.42,77.523,1480
1703605500,2023-12-26T10:45:00.000-05:00,77.46,77.54,77.42,77.54,1163
1703605560,2023-12-26T10:46:00.000-05:00,77.54,77.54,77.54,77.54,100
1703605860,2023-12-26T10:51:00.000-05:00,77.57,77.57,77.57,77.57,194
1703606160,2023-12-26T10:56:00.000-05:00,77.57,77.57,77.48,77.54,738
1703606340,2023-12-26T10:59:00.000-05:00,77.5,77.5,77.5,77.5,120
1703606700,2023-12-26T11:05:00.000-05:00,77.53,77.53,77.51,77.53,310
1703606820,2023-12-26T11:07:00.000-05:00,77.65,77.65,77.525,77.525,592
1703607540,2023-12-26T11:19:00.000-05:00,77.5,77.54,77.5,77.5028,818
1703609340,2023-12-26T11:49:00.000-05:00,77.32,77.32,77.29,77.29,477
1703610900,2023-12-26T12:15:00.000-05:00,77.05,77.05,77.05,77.05,107
1703610960,2023-12-26T12:16:00.000-05:00,77.01,77.01,77.01,77.01,104
1703613600,2023-12-26T13:00:00.000-05:00,77.1,77.1,77.1,77.1,100
1703613660,2023-12-26T13:01:00.000-05:00,77.13,77.395,77.01,77.01,706
1703614260,2023-12-26T13:11:00.000-05:00,77.02,77.02,77.02,77.02,100
1703615460,2023-12-26T13:31:00.000-05:00,77.1,77.1,77.06,77.06,393
1703616960,2023-12-26T13:56:00.000-05:00,77.08,77.08,77.01,77.01,335
1703617020,2023-12-26T13:57:00.000-05:00,77.0,77.0,77.0,77.0,139
1703617560,2023-12-26T14:06:00.000-05:00,76.96,76.96,76.94,76.94,474
1703618160,2023-12-26T14:16:00.000-05:00,76.87,76.87,76.86,76.86,398
1703618700,2023-12-26T14:25:00.000-05:00,76.95,76.95,76.95,76.95,105
1703618760,2023-12-26T14:26:00.000-05:00,76.96,76.96,76.91,76.91,835
1703619420,2023-12-26T14:37:00.000-05:00,76.85,76.85,76.85,76.85,298
1703620620,2023-12-26T14:57:00.000-05:00,76.9602,76.9602,76.9602,76.9602,323
1703620920,2023-12-26T15:02:00.000-05:00,76.875,76.875,76.875,76.875,210
1703621040,2023-12-26T15:04:00.000-05:00,76.8,76.8,76.8,76.8,264
1703621940,2023-12-26T15:19:00.000-05:00,76.83,76.83,76.83,76.83,100
1703622060,2023-12-26T15:21:00.000-05:00,76.735,76.735,76.735,76.735,103
1703622480,2023-12-26T15:28:00.000-05:00,76.97,76.97,76.97,76.97,250
1703622660,2023-12-26T15:31:00.000-05:00,76.81,76.81,76.81,76.81,104
1703622780,2023-12-26T15:33:00.000-05:00,76.82,76.82,76.82,76.82,638
1703623500,2023-12-26T15:45:00.000-05:00,76.83,76.83,76.83,76.83,100
1703623680,2023-12-26T15:48:00.000-05:00,76.86,76.86,76.835,76.835,301
1703623800,2023-12-26T15:50:00.000-05:00,76.72,76.78,76.62,76.62,1515
1703623860,2023-12-26T15:51:00.000-05:00,76.7,76.7,76.7,76.7,419
1703624040,2023-12-26T15:54:00.000-05:00,76.77,76.77,76.77,76.77,137
1703624100,2023-12-26T15:55:00.000-05:00,76.67,76.71,76.64,76.71,1904
1703624220,2023-12-26T15:57:00.000-05:00,76.63,76.63,76.62,76.62,977
1703624280,2023-12-26T15:58:00.000-05:00,76.67,76.67,76.67,76.67,501
1703624340,2023-12-26T15:59:00.000-05:00,76.68,76.68,76.61,76.61,1970
1703624400,2023-12-26T16:00:00.000-05:00,76.57,76.57,76.57,76.57,11812
1703625600,2023-12-26T16:20:00.000-05:00,76.57,76.57,76.57,76.57,104
1703688060,2023-12-27T09:41:00.000-05:00,76.45,76.45,76.31,76.31,698
1703688960,2023-12-27T09:56:00.000-05:00,76.64,76.64,76.64,76.64,296
1703689320,2023-12-27T10:02:00.000-05:00,76.37,76.37,76.37,76.37,102
1703689920,2023-12-27T10:12:00.000-05:00,76.83,76.83,76.83,76.83,108
1703690280,2023-12-27T10:18:00.000-05:00,76.86,76.86,76.86,76.86,202
1703690760,2023-12-27T10:26:00.000-05:00,76.86,76.86,76.86,76.86,256
1703691480,2023-12-27T10:38:00.000-05:00,76.7818,76.7818,76.7818,76.7818,100
1703691780,2023-12-27T10:43:00.000-05:00,76.7038,76.7038,76.7038,76.7038,210
1703692080,2023-12-27T10:48:00.000-05:00,76.63,76.63,76.55,76.55,398
1703692440,2023-12-27T10:54:00.000-05:00,76.5754,76.5754,76.5754,76.5754,100
1703692620,2023-12-27T10:57:00.000-05:00,76.47,76.47,76.47,76.47,500
1703692680,2023-12-27T10:58:00.000-05:00,76.58,76.6,76.58,76.6,630
1703694780,2023-12-27T11:33:00.000-05:00,76.4801,76.4801,76.4801,76.4801,210
1703695260,2023-12-27T11:41:00.000-05:00,76.63,76.63,76.62,76.62,494
1703697060,2023-12-27T12:11:00.000-05:00,76.6,76.6,76.6,76.6,105
1703697780,2023-12-27T12:23:00.000-05:00,76.71,76.71,76.71,76.71,129
1703699820,2023-12-27T12:57:00.000-05:00,76.72,76.72,76.72,76.72,118
1703700060,2023-12-27T13:01:00.000-05:00,76.77,76.77,76.77,76.77,105
1703700180,2023-12-27T13:03:00.000-05:00,76.78,76.85,76.78,76.83,689
1703700300,2023-12-27T13:05:00.000-05:00,76.745,76.745,76.745,76.745,223
1703700360,2023-12-27T13:06:00.000-05:00,76.72,76.72,76.72,76.72,344
1703700480,2023-12-27T13:08:00.000-05:00,76.71,76.71,76.69,76.7,922
1703700540,2023-12-27T13:09:00.000-05:00,76.685,76.685,76.685,76.685,131
1703701380,2023-12-27T13:23:00.000-05:00,76.7,76.7,76.7,76.7,127
1703701860,2023-12-27T13:31:00.000-05:00,76.6,76.6,76.6,76.6,321
1703702100,2023-12-27T13:35:00.000-05:00,76.61,76.66,76.61,76.66,213
1703702160,2023-12-27T13:36:00.000-05:00,76.68,76.68,76.65,76.65,1049
1703702340,2023-12-27T13:39:00.000-05:00,76.745,76.745,76.745,76.745,109
1703702940,2023-12-27T13:49:00.000-05:00,76.835,76.835,76.835,76.835,100
1703703120,2023-12-27T13:52:00.000-05:00,76.84,76.84,76.84,76.84,328
1703704320,2023-12-27T14:12:00.000-05:00,76.7,76.7,76.68,76.7,995
1703704800,2023-12-27T14:20:00.000-05:00,76.76,76.84,76.76,76.84,592
1703705040,2023-12-27T14:24:00.000-05:00,76.77,76.77,76.77,76.77,188
1703705220,2023-12-27T14:27:00.000-05:00,76.875,76.875,76.875,76.875,102
1703706360,2023-12-27T14:46:00.000-05:00,76.83,76.83,76.83,76.83,105
1703707080,2023-12-27T14:58:00.000-05:00,76.81,76.81,76.81,76.81,292
1703707560,2023-12-27T15:06:00.000-05:00,76.74,76.74,76.74,76.74,119
1703708100,2023-12-27T15:15:00.000-05:00,76.81,76.82,76.81,76.82,380
1703708460,2023-12-27T15:21:00.000-05:00,76.81,76.81,76.81,76.81,330
1703708880,2023-12-27T15:28:00.000-05:00,76.66,76.66,76.66,76.66,184
1703709900,2023-12-27T15:45:00.000-05:00,76.67,76.67,76.6,76.6,1140
1703710020,2023-12-27T15:47:00.000-05:00,76.715,76.715,76.715,76.715,124
1703710140,2023-12-27T15:49:00.000-05:00,76.63,76.63,76.63,76.63,371
1703710200,2023-12-27T15:50:00.000-05:00,76.665,76.665,76.61,76.61,496
1703710320,2023-12-27T15:52:00.000-05:00,76.64,76.65,76.64,76.65,973
1703710440,2023-12-27T15:54:00.000-05:00,76.77,76.77,76.77,76.77,313
1703710500,2023-12-27T15:55:00.000-05:00,76.59,76.695,76.58,76.695,830
1703710560,2023-12-27T15:56:00.000-05:00,76.57,76.57,76.57,76.57,326
1703710620,2023-12-27T15:57:00.000-05:00,76.56,76.56,76.56,76.56,543
1703710680,2023-12-27T15:58:00.000-05:00,76.54,76.55,76.45,76.47,2505
1703710740,2023-12-27T15:59:00.000-05:00,76.51,76.74,76.51,76.7,4601
1703710800,2023-12-27T16:00:00.000-05:00,76.65,76.65,76.65,76.65,9252
1703773800,2023-12-28T09:30:00.000-05:00,76.28,76.28,76.28,76.28,454
1703776320,2023-12-28T10:12:00.000-05:00,76.3111,76.3111,76.3111,76.3111,112
1703776440,2023-12-28T10:14:00.000-05:00,76.82,76.82,76.82,76.82,377
1703778240,2023-12-28T10:44:00.000-05:00,76.71,76.71,76.71,76.71,326
1703781060,2023-12-28T11:31:00.000-05:00,76.83,76.83,76.83,76.83,127
1703782320,2023-12-28T11:52:00.000-05:00,76.8,76.8,76.8,76.8,197
1703783580,2023-12-28T12:13:00.000-05:00,76.9471,76.9471,76.9471,76.9471,128
1703786340,2023-12-28T12:59:00.000-05:00,76.44,76.44,76.44,76.44,197
1703787300,2023-12-28T13:15:00.000-05:00,76.24,76.24,76.24,76.24,311
1703787480,2023-12-28T13:18:00.000-05:00,76.21,76.21,76.21,76.21,452
1703787540,2023-12-28T13:19:00.000-05:00,76.17,76.17,76.17,76.17,215
1703789460,2023-12-28T13:51:00.000-05:00,76.18,76.18,76.13,76.13,522
1703789520,2023-12-28T13:52:00.000-05:00,76.12,76.12,76.12,76.12,280
1703789940,2023-12-28T13:59:00.000-05:00,76.09,76.09,76.09,76.09,299
1703790060,2023-12-28T14:01:00.000-05:00,76.07,76.07,76.07,76.07,264
1703790120,2023-12-28T14:02:00.000-05:00,76.08,76.08,76.08,76.08,306
1703790180,2023-12-28T14:03:00.000-05:00,76.08,76.08,76.08,76.08,149
1703790900,2023-12-28T14:15:00.000-05:00,76.145,76.145,76.145,76.145,193
1703792040,2023-12-28T14:34:00.000-05:00,76.23,76.23,76.23,76.23,615
1703792100,2023-12-28T14:35:00.000-05:00,76.2,76.2,76.05,76.05,1392
1703793240,2023-12-28T14:54:00.000-05:00,76.08,76.14,76.08,76.14,435
1703793360,2023-12-28T14:56:00.000-05:00,76.25,76.25,76.25,76.25,464
1703795040,2023-12-28T15:24:00.000-05:00,76.39,76.39,76.39,76.39,121
1703795280,2023-12-28T15:28:00.000-05:00,76.35,76.35,76.3,76.3,730
1703796600,2023-12-28T15:50:00.000-05:00,76.39,76.48,76.39,76.48,769
1703796660,2023-12-28T15:51:00.000-05:00,76.43,76.43,76.43,76.43,638
1703796720,2023-12-28T15:52:00.000-05:00,76.35,76.35,76.35,76.35,217
1703796780,2023-12-28T15:53:00.000-05:00,76.33,76.33,76.3,76.3,399
1703796840,2023-12-28T15:54:00.000-05:00,76.32,76.32,76.31,76.31,282
1703797080,2023-12-28T15:58:00.000-05:00,76.34,76.41,76.34,76.41,953
1703797140,2023-12-28T15:59:00.000-05:00,76.31,76.33,76.29,76.33,1697
1703797200,2023-12-28T16:00:00.000-05:00,76.32,76.32,76.32,76.32,9232
1703860200,2023-12-29T09:30:00.000-05:00,76.31,76.31,76.31,76.31,178
1703860740,2023-12-29T09:39:00.000-05:00,76.39,76.39,76.39,76.39,206
1703860980,2023-12-29T09:43:00.000-05:00,76.01,76.04,76.0,76.04,661
1703861160,2023-12-29T09:46:00.000-05:00,75.7,75.7,75.7,75.7,101
1703861760,2023-12-29T09:56:00.000-05:00,76.16,76.16,76.08,76.08,344
1703861940,2023-12-29T09:59:00.000-05:00,76.01,76.01,75.77,75.77,1243
1703863440,2023-12-29T10:24:00.000-05:00,75.9,75.9,75.9,75.9,507
1703863620,2023-12-29T10:27:00.000-05:00,76.1,76.29,75.99,75.99,1121
1703863980,2023-12-29T10:33:00.000-05:00,76.3,76.3,76.3,76.3,115
1703864460,2023-12-29T10:41:00.000-05:00,76.29,76.29,76.29,76.29,228
1703867040,2023-12-29T11:24:00.000-05:00,75.905,75.905,75.905,75.905,599
1703867460,2023-12-29T11:31:00.000-05:00,75.8101,75.8101,75.8101,75.8101,203
1703867520,2023-12-29T11:32:00.000-05:00,75.961,75.961,75.961,75.961,110
1703869080,2023-12-29T11:58:00.000-05:00,75.83,75.83,75.76,75.76,750
1703869440,2023-12-29T12:04:00.000-05:00,75.62,75.62,75.39,75.39,2328
1703870100,2023-12-29T12:15:00.000-05:00,75.4919,75.4919,75.4919,75.4919,435
1703870760,2023-12-29T12:26:00.000-05:00,75.37,75.37,75.37,75.37,120
1703871420,2023-12-29T12:37:00.000-05:00,75.59,75.69,75.54,75.69,441
1703872260,2023-12-29T12:51:00.000-05:00,75.52,75.52,75.5,75.5,810
1703872740,2023-12-29T12:59:00.000-05:00,75.7,75.7,75.7,75.7,201
1703873460,2023-12-29T13:11:00.000-05:00,75.755,75.755,75.755,75.755,139
1703873940,2023-12-29T13:19:00.000-05:00,75.64,75.64,75.57,75.57,550
1703876220,2023-12-29T13:57:00.000-05:00,75.749,75.749,75.749,75.749,221
1703876340,2023-12-29T13:59:00.000-05:00,75.69,75.69,75.69,75.69,115
1703878980,2023-12-29T14:43:00.000-05:00,75.77,75.77,75.75,75.75,1165
1703880420,2023-12-29T15:07:00.000-05:00,75.76,75.76,75.76,75.76,359
1703881800,2023-12-29T15:30:00.000-05:00,75.97,75.97,75.97,75.97,168
1703882040,2023-12-29T15:34:00.000-05:00,75.918,75.918,75.918,75.918,227
1703882340,2023-12-29T15:39:00.000-05:00,75.99,75.99,75.99,75.99,107
1703882700,2023-12-29T15:45:00.000-05:00,75.95,75.95,75.95,75.95,277
1703882820,2023-12-29T15:47:00.000-05:00,76.04,76.04,76.04,76.04,224
1703882880,2023-12-29T15:48:00.000-05:00,75.99,75.99,75.99,75.99,387
1703882940,2023-12-29T15:49:00.000-05:00,76.02,76.02,76.02,76.02,130
1703883000,2023-12-29T15:50:00.000-05:00,75.93,75.93,75.83,75.83,1714
1703883060,2023-12-29T15:51:00.000-05:00,75.97,75.97,75.97,75.97,191
1703883180,2023-12-29T15:53:00.000-05:00,75.93,75.93,75.93,75.93,291
1703883240,2023-12-29T15:54:00.000-05:00,75.9,75.9,75.9,75.9,615
1703883360,2023-12-29T15:56:00.000-05:00,75.9,75.9,75.9,75.9,136
1703883540,2023-12-29T15:59:00.000-05:00,75.95,75.95,75.9,75.9,787
1703883600,2023-12-29T16:00:00.000-05:00,75.99,75.99,75.99,75.99,13172
1704205800,2024-01-02T09:30:00.000-05:00,75.74,75.74,75.74,75.74,595
1704205920,2024-01-02T09:32:00.000-05:00,76.0,76.0,76.0,76.0,251
1704205980,2024-01-02T09:33:00.000-05:00,76.0,76.0,76.0,76.0,370
1704206400,2024-01-02T09:40:00.000-05:00,75.5001,75.5001,75.5001,75.5001,107
1704206640,2024-01-02T09:44:00.000-05:00,76.005,76.04,76.005,76.04,439
1704207000,2024-01-02T09:50:00.000-05:00,76.49,76.51,76.49,76.51,243
1704207120,2024-01-02T09:52:00.000-05:00,76.03,76.03,76.0,76.0,258
1704207360,2024-01-02T09:56:00.000-05:00,76.28,76.74,76.28,76.6,1115
1704207420,2024-01-02T09:57:00.000-05:00,76.73,76.81,76.7,76.7,703
1704207600,2024-01-02T10:00:00.000-05:00,76.78,76.78,76.72,76.72,870
1704208020,2024-01-02T10:07:00.000-05:00,76.62,76.62,76.62,76.62,177
1704208800,2024-01-02T10:20:00.000-05:00,76.73,76.76,76.73,76.76,679
1704210600,2024-01-02T10:50:00.000-05:00,76.77,76.77,76.75,76.77,416
1704210780,2024-01-02T10:53:00.000-05:00,76.525,76.525,76.525,76.525,226
1704211260,2024-01-02T11:01:00.000-05:00,76.6867,76.6867,76.6867,76.6867,872
1704212160,2024-01-02T11:16:00.000-05:00,76.82,76.84,76.82,76.84,337
1704212340,2024-01-02T11:19:00.000-05:00,76.775,76.775,76.775,76.775,107
1704212460,2024-01-02T11:21:00.000-05:00,77.01,77.01,77.01,77.01,252
1704213060,2024-01-02T11:31:00.000-05:00,77.22,77.22,77.22,77.22,244
1704213480,2024-01-02T11:38:00.000-05:00,77.025,77.025,77.025,77.025,869
1704213720,2024-01-02T11:42:00.000-05:00,77.19,77.19,77.19,77.19,200
1704214440,2024-01-02T11:54:00.000-05:00,77.26,77.27,77.26,77.27,205
1704215160,2024-01-02T12:06:00.000-05:00,77.21,77.21,77.175,77.175,314
1704215340,2024-01-02T12:09:00.000-05:00,77.14,77.14,77.14,77.14,260
1704215640,2024-01-02T12:14:00.000-05:00,77.2236,77.2236,77.2236,77.2236,208
1704215700,2024-01-02T12:15:00.000-05:00,77.285,77.285,77.285,77.285,130
1704216720,2024-01-02T12:32:00.000-05:00,77.29,77.29,77.29,77.29,179
1704217440,2024-01-02T12:44:00.000-05:00,77.34,77.34,77.34,77.34,109
1704218160,2024-01-02T12:56:00.000-05:00,77.22,77.295,77.22,77.295,680
1704218280,2024-01-02T12:58:00.000-05:00,77.38,77.38,77.38,77.38,508
1704218520,2024-01-02T13:02:00.000-05:00,77.315,77.315,77.315,77.315,100
1704219180,2024-01-02T13:13:00.000-05:00,77.25,77.32,77.21,77.31,1394
1704219720,2024-01-02T13:22:00.000-05:00,77.05,77.05,77.05,77.05,186
1704221340,2024-01-02T13:49:00.000-05:00,77.05,77.05,77.05,77.05,377
1704221460,2024-01-02T13:51:00.000-05:00,77.17,77.17,77.17,77.17,118
1704221520,2024-01-02T13:52:00.000-05:00,77.1,77.1,77.1,77.1,119
1704222120,2024-01-02T14:02:00.000-05:00,77.15,77.15,77.15,77.15,202
1704222480,2024-01-02T14:08:00.000-05:00,77.06,77.1,77.06,77.1,374
1704223260,2024-01-02T14:21:00.000-05:00,77.14,77.14,77.14,77.14,106
1704223860,2024-01-02T14:31:00.000-05:00,77.155,77.155,77.155,77.155,113
1704224220,2024-01-02T14:37:00.000-05:00,77.13,77.13,77.13,77.13,212
1704224460,2024-01-02T14:41:00.000-05:00,77.12,77.15,77.12,77.15,254
1704225180,2024-01-02T14:53:00.000-05:00,77.09,77.09,77.09,77.09,212
1704225240,2024-01-02T14:54:00.000-05:00,77.19,77.19,77.12,77.12,603
1704225840,2024-01-02T15:04:00.000-05:00,77.08,77.08,77.08,77.08,408
1704226020,2024-01-02T15:07:00.000-05:00,77.03,77.03,77.03,77.03,120
1704226500,2024-01-02T15:15:00.000-05:00,76.91,77.02,76.81,76.81,1019
1704226560,2024-01-02T15:16:00.000-05:00,76.755,76.755,76.64,76.64,469
1704227100,2024-01-02T15:25:00.000-05:00,76.79,76.99,76.79,76.99,1353
1704227280,2024-01-02T15:28:00.000-05:00,76.895,76.895,76.895,76.895,124
1704227340,2024-01-02T15:29:00.000-05:00,77.03,77.03,77.03,77.03,274
1704227400,2024-01-02T15:30:00.000-05:00,76.9,76.9,76.9,76.9,133
1704227700,2024-01-02T15:35:00.000-05:00,76.9,76.9,76.9,76.9,104
1704227940,2024-01-02T15:39:00.000-05:00,76.895,76.895,76.895,76.895,362
1704228180,2024-01-02T15:43:00.000-05:00,76.86,76.93,76.86,76.93,584
1704228240,2024-01-02T15:44:00.000-05:00,76.93,76.93,76.93,76.93,604
1704228480,2024-01-02T15:48:00.000-05:00,76.89,76.9,76.86,76.86,1484
1704228540,2024-01-02T15:49:00.000-05:00,76.83,76.83,76.74,76.74,416
1704228600,2024-01-02T15:50:00.000-05:00,76.855,76.93,76.855,76.93,315
1704228720,2024-01-02T15:52:00.000-05:00,76.925,76.925,76.925,76.925,319
1704228780,2024-01-02T15:53:00.000-05:00,77.01,77.01,77.01,77.01,100
1704228900,2024-01-02T15:55:00.000-05:00,76.925,76.935,76.81,76.81,877
1704228960,2024-01-02T15:56:00.000-05:00,76.91,76.91,76.91,76.91,565
1704229020,2024-01-02T15:57:00.000-05:00,76.96,76.96,76.96,76.96,351
1704229080,2024-01-02T15:58:00.000-05:00,76.96,76.97,76.96,76.97,417
1704229140,2024-01-02T15:59:00.000-05:00,76.95,76.96,76.91,76.96,2460
1704229200,2024-01-02T16:00:00.000-05:00,76.94,76.94,76.94,76.94,16162
1704292200,2024-01-03T09:30:00.000-05:00,77.07,77.07,76.74,76.74,893
1704293640,2024-01-03T09:54:00.000-05:00,77.13,77.45,76.995,77.45,1327
1704294000,2024-01-03T10:00:00.000-05:00,77.39,77.68,77.39,77.68,705
1704295260,2024-01-03T10:21:00.000-05:00,77.3,77.3,77.3,77.3,465
1704295440,2024-01-03T10:24:00.000-05:00,77.57,77.57,77.57,77.57,212
1704297300,2024-01-03T10:55:00.000-05:00,77.43,77.43,77.4,77.43,1189
1704297480,2024-01-03T10:58:00.000-05:00,77.485,77.485,77.485,77.485,327
1704297660,2024-01-03T11:01:00.000-05:00,77.4,77.4,77.4,77.4,130
1704298020,2024-01-03T11:07:00.000-05:00,77.31,77.31,77.3,77.3,944
1704298680,2024-01-03T11:18:00.000-05:00,76.99,76.99,76.98,76.98,655
1704298740,2024-01-03T11:19:00.000-05:00,77.01,77.01,76.7,76.7,1066
1704298860,2024-01-03T11:21:00.000-05:00,77.26,77.26,77.25,77.25,664
1704299820,2024-01-03T11:37:00.000-05:00,77.55,77.55,77.55,77.55,176
1704300000,2024-01-03T11:40:00.000-05:00,77.74,77.74,77.74,77.74,243
1704301020,2024-01-03T11:57:00.000-05:00,77.57,77.72,77.54,77.7,690
1704301680,2024-01-03T12:08:00.000-05:00,77.56,77.56,77.53,77.53,818
1704302100,2024-01-03T12:15:00.000-05:00,77.17,77.17,77.17,77.17,406
1704302400,2024-01-03T12:20:00.000-05:00,77.38,77.38,77.38,77.38,101
1704302820,2024-01-03T12:27:00.000-05:00,77.43,77.47,77.43,77.47,318
1704304380,2024-01-03T12:53:00.000-05:00,77.22,77.24,77.22,77.24,497
1704305580,2024-01-03T13:13:00.000-05:00,77.0,77.0,77.0,77.0,431
1704308940,2024-01-03T14:09:00.000-05:00,76.66,76.66,76.66,76.66,838
1704309000,2024-01-03T14:10:00.000-05:00,76.54,76.54,76.54,76.54,204
1704309360,2024-01-03T14:16:00.000-05:00,76.63,76.63,76.63,76.63,266
1704309720,2024-01-03T14:22:00.000-05:00,76.55,76.55,76.55,76.55,833
1704309840,2024-01-03T14:24:00.000-05:00,76.58,76.58,76.55,76.55,1088
1704310080,2024-01-03T14:28:00.000-05:00,76.69,76.69,76.6521,76.6521,1223
1704310140,2024-01-03T14:29:00.000-05:00,76.58,76.58,76.58,76.58,299
1704310260,2024-01-03T14:31:00.000-05:00,76.84,76.84,76.84,76.84,109
1704310680,2024-01-03T14:38:00.000-05:00,76.84,76.84,76.84,76.84,104
1704310860,2024-01-03T14:41:00.000-05:00,76.64,76.64,76.64,76.64,275
1704311580,2024-01-03T14:53:00.000-05:00,76.59,76.59,76.59,76.59,388
1704311700,2024-01-03T14:55:00.000-05:00,76.55,76.55,76.55,76.55,140
1704311820,2024-01-03T14:57:00.000-05:00,76.54,76.54,76.54,76.54,137
1704312060,2024-01-03T15:01:00.000-05:00,76.53,76.53,76.53,76.53,242
1704312180,2024-01-03T15:03:00.000-05:00,76.5147,76.5147,76.5147,76.5147,125
1704312360,2024-01-03T15:06:00.000-05:00,76.49,76.56,76.47,76.56,940
1704312420,2024-01-03T15:07:00.000-05:00,76.58,76.58,76.58,76.58,103
1704312840,2024-01-03T15:14:00.000-05:00,76.35,76.35,76.35,76.35,258
1704313020,2024-01-03T15:17:00.000-05:00,76.33,76.33,76.33,76.33,412
1704313680,2024-01-03T15:28:00.000-05:00,76.16,76.16,76.16,76.16,502
1704313740,2024-01-03T15:29:00.000-05:00,76.13,76.13,76.09,76.09,514
1704313860,2024-01-03T15:31:00.000-05:00,76.165,76.18,76.165,76.18,856
1704313920,2024-01-03T15:32:00.000-05:00,76.19,76.19,76.19,76.19,364
1704313980,2024-01-03T15:33:00.000-05:00,76.29,76.34,76.245,76.34,1110
1704314400,2024-01-03T15:40:00.000-05:00,76.3395,76.3395,76.3395,76.3395,268
1704314820,2024-01-03T15:47:00.000-05:00,76.37,76.37,76.37,76.37,107
1704315000,2024-01-03T15:50:00.000-05:00,76.26,76.26,76.08,76.08,1677
1704315120,2024-01-03T15:52:00.000-05:00,75.97,75.97,75.97,75.97,134
1704315240,2024-01-03T15:54:00.000-05:00,75.98,76.13,75.93,76.13,2360
1704315300,2024-01-03T15:55:00.000-05:00,75.98,76.045,75.98,76.045,610
1704315420,2024-01-03T15:57:00.000-05:00,76.045,76.045,76.045,76.045,400
1704315480,2024-01-03T15:58:00.000-05:00,76.02,76.04,76.02,76.04,521
1704315540,2024-01-03T15:59:00.000-05:00,76.0,76.15,75.98,75.98,4130
1704315600,2024-01-03T16:00:00.000-05:00,75.94,75.94,75.94,75.94,17147
1704315900,2024-01-03T16:05:00.000-05:00,75.94,75.94,75.94,75.94,552
1704378600,2024-01-04T09:30:00.000-05:00,76.35,76.35,76.35,76.35,876
1704381360,2024-01-04T10:16:00.000-05:00,76.62,76.62,76.62,76.62,327
1704382200,2024-01-04T10:30:00.000-05:00,76.61,76.61,76.61,76.61,408
1704382920,2024-01-04T10:42:00.000-05:00,76.68,76.71,76.68,76.68,1154
1704382980,2024-01-04T10:43:00.000-05:00,76.77,76.77,76.77,76.77,112
1704383040,2024-01-04T10:44:00.000-05:00,76.84,76.84,76.84,76.84,116
1704383700,2024-01-04T10:55:00.000-05:00,76.55,76.55,76.45,76.45,869
1704383760,2024-01-04T10:56:00.000-05:00,76.61,76.61,76.61,76.61,136
1704383880,2024-01-04T10:58:00.000-05:00,76.48,76.48,76.48,76.48,200
1704384720,2024-01-04T11:12:00.000-05:00,76.485,76.485,76.485,76.485,104
1704385260,2024-01-04T11:21:00.000-05:00,76.57,76.57,76.54,76.57,438
1704385500,2024-01-04T11:25:00.000-05:00,76.57,76.57,76.57,76.57,451
1704385860,2024-01-04T11:31:00.000-05:00,76.48,76.48,76.41,76.41,344
1704386280,2024-01-04T11:38:00.000-05:00,76.54,76.54,76.39,76.39,1038
1704386520,2024-01-04T11:42:00.000-05:00,76.29,76.29,76.29,76.29,344
1704387000,2024-01-04T11:50:00.000-05:00,76.15,76.15,76.14,76.14,339
1704388320,2024-01-04T12:12:00.000-05:00,76.21,76.21,76.21,76.21,245
1704388680,2024-01-04T12:18:00.000-05:00,76.32,76.33,76.32,76.33,457
1704389880,2024-01-04T12:38:00.000-05:00,76.34,76.34,76.34,76.34,140
1704390780,2024-01-04T12:53:00.000-05:00,76.435,76.435,76.435,76.435,117
1704391860,2024-01-04T13:11:00.000-05:00,76.49,76.49,76.43,76.43,745
1704392100,2024-01-04T13:15:00.000-05:00,76.4,76.4,76.18,76.33,1427
1704392160,2024-01-04T13:16:00.000-05:00,76.32,76.33,76.32,76.33,441
1704392400,2024-01-04T13:20:00.000-05:00,76.3,76.39,76.3,76.39,1167
1704392460,2024-01-04T13:21:00.000-05:00,76.488,76.488,76.46,76.46,330
1704392580,2024-01-04T13:23:00.000-05:00,76.56,76.56,76.56,76.56,204
1704392940,2024-01-04T13:29:00.000-05:00,76.26,76.26,76.26,76.26,201
1704395100,2024-01-04T14:05:00.000-05:00,76.3843,76.3843,76.3843,76.3843,145
1704395160,2024-01-04T14:06:00.000-05:00,76.455,76.455,76.455,76.455,100
1704395940,2024-01-04T14:19:00.000-05:00,76.37,76.37,76.37,76.37,637
1704396660,2024-01-04T14:31:00.000-05:00,76.37,76.37,76.31,76.31,620
1704397140,2024-01-04T14:39:00.000-05:00,75.98,75.98,75.97,75.97,416
1704397320,2024-01-04T14:42:00.000-05:00,76.14,76.14,76.14,76.14,101
1704397980,2024-01-04T14:53:00.000-05:00,76.1453,76.1453,76.1453,76.1453,209
1704398340,2024-01-04T14:59:00.000-05:00,76.0,76.0,76.0,76.0,196
1704398460,2024-01-04T15:01:00.000-05:00,75.9255,75.9255,75.9255,75.9255,216
1704398640,2024-01-04T15:04:00.000-05:00,75.87,75.87,75.87,75.87,102
1704399000,2024-01-04T15:10:00.000-05:00,76.05,76.28,76.05,76.28,1105
1704399060,2024-01-04T15:11:00.000-05:00,76.28,76.28,76.28,76.28,100
1704399360,2024-01-04T15:16:00.000-05:00,76.26,76.26,76.09,76.09,201
1704399480,2024-01-04T15:18:00.000-05:00,76.12,76.12,76.065,76.065,555
1704399540,2024-01-04T15:19:00.000-05:00,76.04,76.04,76.04,76.04,210
1704399720,2024-01-04T15:22:00.000-05:00,76.0,76.0,75.97,75.97,521
1704400020,2024-01-04T15:27:00.000-05:00,76.0,76.0,76.0,76.0,258
1704400680,2024-01-04T15:38:00.000-05:00,76.0,76.0,76.0,76.0,118
1704401040,2024-01-04T15:44:00.000-05:00,76.08,76.08,76.01,76.04,766
1704401280,2024-01-04T15:48:00.000-05:00,75.9411,75.9411,75.9411,75.9411,228
1704401340,2024-01-04T15:49:00.000-05:00,75.96,75.96,75.9,75.9,1132
1704401400,2024-01-04T15:50:00.000-05:00,75.94,75.94,75.94,75.94,342
1704401460,2024-01-04T15:51:00.000-05:00,76.0,76.0,76.0,76.0,301
1704401640,2024-01-04T15:54:00.000-05:00,75.87,75.92,75.81,75.92,842
1704401760,2024-01-04T15:56:00.000-05:00,75.92,76.02,75.92,76.02,804
1704401880,2024-01-04T15:58:00.000-05:00,76.04,76.04,76.04,76.04,350
1704401940,2024-01-04T15:59:00.000-05:00,75.96,75.96,75.9,75.9,1062
1704402000,2024-01-04T16:00:00.000-05:00,75.91,75.91,75.91,75.91,11390
1704465000,2024-01-05T09:30:00.000-05:00,75.51,75.51,75.51,75.51,259
1704467100,2024-01-05T10:05:00.000-05:00,76.06,76.06,76.06,76.06,116
1704468960,2024-01-05T10:36:00.000-05:00,75.83,75.83,75.83,75.83,383
1704469560,2024-01-05T10:46:00.000-05:00,76.12,76.14,76.12,76.14,1186
1704469680,2024-01-05T10:48:00.000-05:00,76.5,76.5,75.95,75.95,5065
1704470280,2024-01-05T10:58:00.000-05:00,75.94,76.19,75.94,76.19,360
1704470700,2024-01-05T11:05:00.000-05:00,76.071,76.071,76.071,76.071,205
1704473160,2024-01-05T11:46:00.000-05:00,76.0728,76.0728,76.0728,76.0728,223
1704473220,2024-01-05T11:47:00.000-05:00,76.2,76.2,76.2,76.2,170
1704473940,2024-01-05T11:59:00.000-05:00,76.0669,76.0669,76.0669,76.0669,100
1704474000,2024-01-05T12:00:00.000-05:00,75.96,75.96,75.96,75.96,193
1704475020,2024-01-05T12:17:00.000-05:00,75.945,75.945,75.945,75.945,374
1704475860,2024-01-05T12:31:00.000-05:00,75.96,75.96,75.96,75.96,191
1704476100,2024-01-05T12:35:00.000-05:00,75.861,75.861,75.861,75.861,159
1704482280,2024-01-05T14:18:00.000-05:00,75.955,75.955,75.955,75.955,100
1704482460,2024-01-05T14:21:00.000-05:00,75.86,75.86,75.86,75.86,359
1704482760,2024-01-05T14:26:00.000-05:00,75.82,75.82,75.82,75.82,134
1704483240,2024-01-05T14:34:00.000-05:00,75.7001,75.7001,75.7001,75.7001,162
1704483660,2024-01-05T14:41:00.000-05:00,75.74,75.74,75.74,75.74,540
1704483840,2024-01-05T14:44:00.000-05:00,75.7,75.7,75.7,75.7,487
1704485040,2024-01-05T15:04:00.000-05:00,75.5,75.5,75.5,75.5,207
1704486240,2024-01-05T15:24:00.000-05:00,75.5363,75.5363,75.5363,75.5363,274
1704486600,2024-01-05T15:30:00.000-05:00,75.52,75.52,75.52,75.52,473
1704486720,2024-01-05T15:32:00.000-05:00,75.49,75.49,75.49,75.49,190
1704487440,2024-01-05T15:44:00.000-05:00,75.49,75.5,75.485,75.485,1411
1704487620,2024-01-05T15:47:00.000-05:00,75.44,75.44,75.38,75.38,916
1704487680,2024-01-05T15:48:00.000-05:00,75.45,75.45,75.45,75.45,451
1704487860,2024-01-05T15:51:00.000-05:00,75.315,75.57,75.315,75.57,1892
1704487980,2024-01-05T15:53:00.000-05:00,75.53,75.53,75.48,75.48,339
1704488100,2024-01-05T15:55:00.000-05:00,75.49,75.49,75.42,75.42,1387
1704488280,2024-01-05T15:58:00.000-05:00,75.445,75.445,75.445,75.445,395
1704488340,2024-01-05T15:59:00.000-05:00,75.46,75.46,75.37,75.37,2385
1704488400,2024-01-05T16:00:00.000-05:00,75.35,75.35,75.35,75.35,16391
1704724200,2024-01-08T09:30:00.000-05:00,75.49,75.49,75.49,75.49,497
1704725040,2024-01-08T09:44:00.000-05:00,75.41,75.41,75.39,75.39,328
1704726060,2024-01-08T10:01:00.000-05:00,75.86,75.86,75.24,75.24,269
1704726240,2024-01-08T10:04:00.000-05:00,75.57,75.57,75.57,75.57,100
1704726660,2024-01-08T10:11:00.000-05:00,75.31,75.31,75.29,75.29,721
1704727320,2024-01-08T10:22:00.000-05:00,75.3673,75.6,75.3673,75.59,1191
1704727380,2024-01-08T10:23:00.000-05:00,75.72,75.72,75.72,75.72,142
1704728220,2024-01-08T10:37:00.000-05:00,75.6892,75.6892,75.51,75.51,443
1704728760,2024-01-08T10:46:00.000-05:00,75.43,75.48,75.27,75.4172,1533
1704729600,2024-01-08T11:00:00.000-05:00,75.14,75.14,75.14,75.14,215
1704729840,2024-01-08T11:04:00.000-05:00,75.1,75.1,75.1,75.1,331
1704730080,2024-01-08T11:08:00.000-05:00,75.13,75.13,75.13,75.13,112
1704731160,2024-01-08T11:26:00.000-05:00,75.1909,75.1909,75.1909,75.1909,134
1704732060,2024-01-08T11:41:00.000-05:00,75.2,75.25,75.14,75.25,2300
1704733140,2024-01-08T11:59:00.000-05:00,75.309,75.309,75.295,75.295,574
1704733200,2024-01-08T12:00:00.000-05:00,75.31,75.31,75.31,75.31,254
1704733260,2024-01-08T12:01:00.000-05:00,75.28,75.38,75.2601,75.2601,1904
1704733320,2024-01-08T12:02:00.000-05:00,75.26,75.29,75.2312,75.29,807
1704733380,2024-01-08T12:03:00.000-05:00,75.21,75.21,75.21,75.21,159
1704733440,2024-01-08T12:04:00.000-05:00,75.3,75.3,75.3,75.3,568
1704733500,2024-01-08T12:05:00.000-05:00,75.32,75.43,75.3138,75.3499,2489
1704733560,2024-01-08T12:06:00.000-05:00,75.47,75.47,75.47,75.47,100
1704733740,2024-01-08T12:09:00.000-05:00,75.47,75.47,75.47,75.47,301
1704733800,2024-01-08T12:10:00.000-05:00,75.47,75.47,75.47,75.47,200
1704733860,2024-01-08T12:11:00.000-05:00,75.47,75.47,75.47,75.47,100
1704733920,2024-01-08T12:12:00.000-05:00,75.48,75.48,75.48,75.48,1078
1704734040,2024-01-08T12:14:00.000-05:00,75.43,75.54,75.36,75.54,1156
1704734100,2024-01-08T12:15:00.000-05:00,75.4978,75.61,75.4978,75.61,2729
1704734160,2024-01-08T12:16:00.000-05:00,75.66,75.66,75.65,75.65,1073
1704734460,2024-01-08T12:21:00.000-05:00,75.62,75.62,75.5,75.5,628
1704734520,2024-01-08T12:22:00.000-05:00,75.46,75.46,75.45,75.45,241
1704734580,2024-01-08T12:23:00.000-05:00,75.49,75.49,75.49,75.49,295
1704734940,2024-01-08T12:29:00.000-05:00,75.74,75.74,75.74,75.74,105
1704735240,2024-01-08T12:34:00.000-05:00,75.49,75.49,75.4,75.42,989
1704735300,2024-01-08T12:35:00.000-05:00,75.5,75.5,75.28,75.33,2878
1704735720,2024-01-08T12:42:00.000-05:00,75.47,75.47,75.45,75.45,566
1704735900,2024-01-08T12:45:00.000-05:00,75.47,75.47,75.47,75.47,132
1704736320,2024-01-08T12:52:00.000-05:00,75.405,75.405,75.405,75.405,105
1704736440,2024-01-08T12:54:00.000-05:00,75.5044,75.5044,75.365,75.365,689
1704736500,2024-01-08T12:55:00.000-05:00,75.34,75.34,75.34,75.34,412
1704737160,2024-01-08T13:06:00.000-05:00,75.5,75.5,75.35,75.35,210
1704738300,2024-01-08T13:25:00.000-05:00,75.1455,75.1455,75.1455,75.1455,283
1704739080,2024-01-08T13:38:00.000-05:00,75.01,75.01,75.0,75.0,340
1704739920,2024-01-08T13:52:00.000-05:00,74.93,74.9339,74.93,74.9339,210
1704740040,2024-01-08T13:54:00.000-05:00,74.85,74.85,74.85,74.85,100
1704740340,2024-01-08T13:59:00.000-05:00,74.91,74.91,74.91,74.91,229
1704741000,2024-01-08T14:10:00.000-05:00,74.96,74.96,74.96,74.96,735
1704744300,2024-01-08T15:05:00.000-05:00,75.16,75.16,75.16,75.16,116
1704744480,2024-01-08T15:08:00.000-05:00,75.0951,75.0951,75.0951,75.0951,181
1704744780,2024-01-08T15:13:00.000-05:00,75.09,75.09,75.055,75.055,559
1704744840,2024-01-08T15:14:00.000-05:00,75.01,75.01,75.01,75.01,556
1704745020,2024-01-08T15:17:00.000-05:00,75.05,75.12,75.05,75.12,923
1704745380,2024-01-08T15:23:00.000-05:00,75.09,75.09,75.09,75.09,116
1704745980,2024-01-08T15:33:00.000-05:00,75.08,75.12,75.08,75.12,427
1704746100,2024-01-08T15:35:00.000-05:00,75.11,75.11,75.11,75.11,154
1704746220,2024-01-08T15:37:00.000-05:00,75.125,75.125,75.125,75.125,100
1704746280,2024-01-08T15:38:00.000-05:00,75.137,75.17,75.137,75.17,790
1704746400,2024-01-08T15:40:00.000-05:00,75.25,75.25,75.25,75.25,124
1704746460,2024-01-08T15:41:00.000-05:00,75.24,75.24,75.185,75.185,856
1704746520,2024-01-08T15:42:00.000-05:00,75.24,75.24,75.24,75.24,123
1704746640,2024-01-08T15:44:00.000-05:00,75.2065,75.2065,75.2065,75.2065,404
1704746700,2024-01-08T15:45:00.000-05:00,75.24,75.24,75.24,75.24,157
1704746880,2024-01-08T15:48:00.000-05:00,75.19,75.19,75.19,75.19,340
1704746940,2024-01-08T15:49:00.000-05:00,75.18,75.21,75.13,75.21,2793
1704747060,2024-01-08T15:51:00.000-05:00,75.215,75.215,75.215,75.215,234
1704747120,2024-01-08T15:52:00.000-05:00,75.23,75.25,75.22,75.22,571
1704747180,2024-01-08T15:53:00.000-05:00,75.3,75.31,75.255,75.31,1095
1704747240,2024-01-08T15:54:00.000-05:00,75.3,75.3,75.3,75.3,356
1704747300,2024-01-08T15:55:00.000-05:00,75.33,75.4,75.33,75.4,572
1704747420,2024-01-08T15:57:00.000-05:00,75.4,75.41,75.4,75.41,652
1704747480,2024-01-08T15:58:00.000-05:00,75.48,75.48,75.46,75.46,391
1704747540,2024-01-08T15:59:00.000-05:00,75.485,75.52,75.485,75.51,1525
1704747600,2024-01-08T16:00:00.000-05:00,75.55,75.55,75.55,75.55,11928
1704810600,2024-01-09T09:30:00.000-05:00,74.99,74.99,74.99,74.99,385
1704811380,2024-01-09T09:43:00.000-05:00,74.7,74.7,74.7,74.7,270
1704811500,2024-01-09T09:45:00.000-05:00,74.43,74.43,74.43,74.43,583
1704812340,2024-01-09T09:59:00.000-05:00,74.35,74.35,74.35,74.35,131
1704813000,2024-01-09T10:10:00.000-05:00,73.6846,73.6846,73.6846,73.6846,1288
1704813180,2024-01-09T10:13:00.000-05:00,73.5,73.5,73.49,73.49,528
1704813480,2024-01-09T10:18:00.000-05:00,73.38,73.38,73.33,73.33,932
1704813780,2024-01-09T10:23:00.000-05:00,73.33,73.33,73.33,73.33,157
1704815100,2024-01-09T10:45:00.000-05:00,73.55,73.55,73.55,73.55,292
1704815520,2024-01-09T10:52:00.000-05:00,73.62,73.62,73.59,73.59,469
1704816000,2024-01-09T11:00:00.000-05:00,73.47,73.47,73.47,73.47,381
1704817440,2024-01-09T11:24:00.000-05:00,73.6225,73.6225,73.6225,73.6225,400
1704817620,2024-01-09T11:27:00.000-05:00,73.5956,73.5956,73.5956,73.5956,371
1704818100,2024-01-09T11:35:00.000-05:00,73.855,73.855,73.855,73.855,132
1704818280,2024-01-09T11:38:00.000-05:00,73.68,73.68,73.68,73.68,403
1704818460,2024-01-09T11:41:00.000-05:00,73.67,73.67,73.67,73.67,274
1704820020,2024-01-09T12:07:00.000-05:00,73.8,73.8,73.8,73.8,570
1704820080,2024-01-09T12:08:00.000-05:00,73.85,73.85,73.85,73.85,395
1704820260,2024-01-09T12:11:00.000-05:00,73.87,73.87,73.87,73.87,596
1704820860,2024-01-09T12:21:00.000-05:00,73.8729,73.8729,73.8729,73.8729,216
1704820980,2024-01-09T12:23:00.000-05:00,73.96,73.96,73.96,73.96,376
1704823680,2024-01-09T13:08:00.000-05:00,73.65,73.65,73.62,73.62,785
1704823740,2024-01-09T13:09:00.000-05:00,73.79,73.79,73.79,73.79,201
1704823860,2024-01-09T13:11:00.000-05:00,73.7,73.7,73.7,73.7,388
1704824640,2024-01-09T13:24:00.000-05:00,73.69,73.69,73.69,73.69,116
1704825900,2024-01-09T13:45:00.000-05:00,73.7,73.71,73.7,73.71,564
1704826260,2024-01-09T13:51:00.000-05:00,73.79,73.79,73.79,73.79,223
1704828900,2024-01-09T14:35:00.000-05:00,73.88,73.88,73.88,73.88,305
1704829620,2024-01-09T14:47:00.000-05:00,73.86,73.86,73.86,73.86,121
1704830100,2024-01-09T14:55:00.000-05:00,73.6945,73.6945,73.6945,73.6945,109
1704830520,2024-01-09T15:02:00.000-05:00,73.775,73.775,73.775,73.775,108
1704830760,2024-01-09T15:06:00.000-05:00,73.67,73.67,73.67,73.67,521
1704831180,2024-01-09T15:13:00.000-05:00,73.75,73.75,73.75,73.75,113
1704831720,2024-01-09T15:22:00.000-05:00,73.73,73.73,73.73,73.73,179
1704832080,2024-01-09T15:28:00.000-05:00,73.665,73.665,73.665,73.665,170
1704832920,2024-01-09T15:42:00.000-05:00,73.75,73.75,73.75,73.75,750
1704833160,2024-01-09T15:46:00.000-05:00,73.85,73.86,73.85,73.86,273
1704833220,2024-01-09T15:47:00.000-05:00,73.855,73.855,73.8,73.8,332
1704833340,2024-01-09T15:49:00.000-05:00,73.78,73.8,73.73,73.735,1585
1704833460,2024-01-09T15:51:00.000-05:00,73.77,73.79,73.77,73.79,1098
1704833640,2024-01-09T15:54:00.000-05:00,73.75,73.75,73.73,73.74,921
1704833700,2024-01-09T15:55:00.000-05:00,73.8,73.81,73.73,73.75,3385
1704833760,2024-01-09T15:56:00.000-05:00,73.72,73.72,73.72,73.72,193
1704833820,2024-01-09T15:57:00.000-05:00,73.72,73.72,73.72,73.72,301
1704833880,2024-01-09T15:58:00.000-05:00,73.72,73.75,73.72,73.72,2760
1704833940,2024-01-09T15:59:00.000-05:00,73.68,73.73,73.68,73.68,1844
1704834000,2024-01-09T16:00:00.000-05:00,73.67,73.67,73.67,73.67,10192
1704834180,2024-01-09T16:03:00.000-05:00,73.67,73.67,73.67,73.67,335
1704897000,2024-01-10T09:30:00.000-05:00,73.24,73.24,73.24,73.24,475
1704897240,2024-01-10T09:34:00.000-05:00,73.59,73.59,73.59,73.59,120
1704899340,2024-01-10T10:09:00.000-05:00,73.05,73.05,73.05,73.05,172
1704900600,2024-01-10T10:30:00.000-05:00,73.2,73.2,73.2,73.2,530
1704900840,2024-01-10T10:34:00.000-05:00,73.45,73.45,73.45,73.45,200
1704901200,2024-01-10T10:40:00.000-05:00,73.8,73.8,73.8,73.8,146
1704901260,2024-01-10T10:41:00.000-05:00,73.7,73.7,73.7,73.7,126
1704901320,2024-01-10T10:42:00.000-05:00,73.6,73.6,73.6,73.6,119
1704901380,2024-01-10T10:43:00.000-05:00,73.45,73.45,73.43,73.45,557
1704901440,2024-01-10T10:44:00.000-05:00,73.5,73.5,73.36,73.36,536
1704901680,2024-01-10T10:48:00.000-05:00,73.28,73.28,73.28,73.28,301
1704902040,2024-01-10T10:54:00.000-05:00,73.39,73.39,73.39,73.39,420
1704902220,2024-01-10T10:57:00.000-05:00,73.495,73.495,73.4,73.4,703
1704902340,2024-01-10T10:59:00.000-05:00,73.3627,73.37,73.3627,73.37,523
1704903360,2024-01-10T11:16:00.000-05:00,73.665,73.665,73.665,73.665,274
1704907980,2024-01-10T12:33:00.000-05:00,73.3451,73.3451,73.3451,73.3451,200
1704909600,2024-01-10T13:00:00.000-05:00,73.09,73.09,73.09,73.09,469
1704910320,2024-01-10T13:12:00.000-05:00,73.06,73.06,73.06,73.06,138
1704914940,2024-01-10T14:29:00.000-05:00,73.283,73.283,73.283,73.283,150
1704915120,2024-01-10T14:32:00.000-05:00,73.3,73.3,73.3,73.3,406
1704916620,2024-01-10T14:57:00.000-05:00,73.24,73.24,73.24,73.24,102
1704916680,2024-01-10T14:58:00.000-05:00,73.25,73.25,73.25,73.25,657
1704917760,2024-01-10T15:16:00.000-05:00,73.22,73.22,73.22,73.22,127
1704917940,2024-01-10T15:19:00.000-05:00,73.17,73.17,73.17,73.17,469
1704918120,2024-01-10T15:22:00.000-05:00,73.135,73.135,73.09,73.09,405
1704918720,2024-01-10T15:32:00.000-05:00,73.11,73.11,73.11,73.11,307
1704919740,2024-01-10T15:49:00.000-05:00,73.11,73.11,73.11,73.11,280
1704919980,2024-01-10T15:53:00.000-05:00,73.15,73.15,73.15,73.15,486
1704920040,2024-01-10T15:54:00.000-05:00,73.28,73.29,73.23,73.29,713
1704920100,2024-01-10T15:55:00.000-05:00,73.28,73.28,73.28,73.28,1455
1704920280,2024-01-10T15:58:00.000-05:00,73.33,73.34,73.33,73.34,446
1704920340,2024-01-10T15:59:00.000-05:00,73.35,73.44,73.32,73.44,2637
1704920400,2024-01-10T16:00:00.000-05:00,73.34,73.34,73.34,73.34,11822
1704983400,2024-01-11T09:30:00.000-05:00,72.97,72.97,72.97,72.97,390
1704983880,2024-01-11T09:38:00.000-05:00,72.9167,72.9167,72.9167,72.9167,500
1704983940,2024-01-11T09:39:00.000-05:00,73.74,73.74,73.74,73.74,232
1704984060,2024-01-11T09:41:00.000-05:00,73.0,73.0,73.0,73.0,273
1704984660,2024-01-11T09:51:00.000-05:00,73.44,73.44,73.44,73.44,422
1704985380,2024-01-11T10:03:00.000-05:00,72.54,72.54,72.54,72.54,174
1704985620,2024-01-11T10:07:00.000-05:00,72.12,72.57,72.12,72.57,521
1704987180,2024-01-11T10:33:00.000-05:00,72.21,72.21,72.19,72.19,395
1704988020,2024-01-11T10:47:00.000-05:00,72.2,72.2,72.2,72.2,644
1704988740,2024-01-11T10:59:00.000-05:00,71.99,71.99,71.99,71.99,397
1704988800,2024-01-11T11:00:00.000-05:00,72.065,72.065,72.065,72.065,584
1704989340,2024-01-11T11:09:00.000-05:00,72.215,72.215,72.215,72.215,116
1704989640,2024-01-11T11:14:00.000-05:00,72.2,72.2,72.18,72.18,310
1704989700,2024-01-11T11:15:00.000-05:00,72.2,72.2,72.18,72.18,218
1704989760,2024-01-11T11:16:00.000-05:00,72.1775,72.1975,72.1775,72.1975,204
1704989820,2024-01-11T11:17:00.000-05:00,72.18,72.36,72.18,72.28,387
1704989940,2024-01-11T11:19:00.000-05:00,72.36,72.36,72.36,72.36,150
1704990000,2024-01-11T11:20:00.000-05:00,72.39,72.605,72.36,72.605,1009
1704990780,2024-01-11T11:33:00.000-05:00,72.665,72.665,72.635,72.6575,1846
1704990960,2024-01-11T11:36:00.000-05:00,72.765,73.14,72.76,73.14,1389
1704991860,2024-01-11T11:51:00.000-05:00,73.0,73.0,73.0,73.0,100
1704991920,2024-01-11T11:52:00.000-05:00,73.0,73.0,72.93,73.0,1193
1704992280,2024-01-11T11:58:00.000-05:00,72.995,72.995,72.975,72.975,661
1704992460,2024-01-11T12:01:00.000-05:00,73.14,73.14,73.14,73.14,100
1704993960,2024-01-11T12:26:00.000-05:00,73.15,73.24,73.15,73.24,813
1704996420,2024-01-11T13:07:00.000-05:00,73.1801,73.1801,73.1801,73.1801,195
1704997740,2024-01-11T13:29:00.000-05:00,73.205,73.205,73.205,73.205,158
1704997920,2024-01-11T13:32:00.000-05:00,73.2739,73.2739,73.2739,73.2739,199
1704998580,2024-01-11T13:43:00.000-05:00,73.25,73.25,73.24,73.24,1089
1705000200,2024-01-11T14:10:00.000-05:00,73.23,73.23,73.23,73.23,130
1705000920,2024-01-11T14:22:00.000-05:00,73.385,73.45,73.37,73.45,2079
1705000980,2024-01-11T14:23:00.000-05:00,73.47,73.49,73.47,73.49,917
1705001280,2024-01-11T14:28:00.000-05:00,73.5,73.53,73.5,73.53,750
1705001400,2024-01-11T14:30:00.000-05:00,73.6,73.6,73.6,73.6,280
1705001940,2024-01-11T14:39:00.000-05:00,73.84,73.84,73.84,73.84,103
1705002240,2024-01-11T14:44:00.000-05:00,73.75,73.75,73.75,73.75,295
1705002600,2024-01-11T14:50:00.000-05:00,73.725,73.725,73.725,73.725,100
1705003800,2024-01-11T15:10:00.000-05:00,73.71,73.71,73.65,73.65,897
1705004700,2024-01-11T15:25:00.000-05:00,73.66,73.755,73.66,73.755,716
1705005720,2024-01-11T15:42:00.000-05:00,73.74,74.1,73.71,74.03,5200
1705005840,2024-01-11T15:44:00.000-05:00,73.99,73.99,73.97,73.97,730
1705005960,2024-01-11T15:46:00.000-05:00,74.01,74.01,74.01,74.01,318
1705006020,2024-01-11T15:47:00.000-05:00,74.14,74.14,74.14,74.14,396
1705006080,2024-01-11T15:48:00.000-05:00,74.15,74.15,74.15,74.15,215
1705006260,2024-01-11T15:51:00.000-05:00,74.14,74.14,74.14,74.14,421
1705006380,2024-01-11T15:53:00.000-05:00,74.1,74.1,74.1,74.1,526
1705006560,2024-01-11T15:56:00.000-05:00,74.2,74.2,74.2,74.2,769
1705006620,2024-01-11T15:57:00.000-05:00,74.26,74.26,74.26,74.26,442
1705006680,2024-01-11T15:58:00.000-05:00,74.255,74.28,74.255,74.28,1150
1705006740,2024-01-11T15:59:00.000-05:00,74.29,74.29,74.275,74.29,1521
1705006800,2024-01-11T16:00:00.000-05:00,74.3,74.3,74.3,74.3,49428
1705069800,2024-01-12T09:30:00.000-05:00,74.91,74.91,74.91,74.91,548
1705070040,2024-01-12T09:34:00.000-05:00,74.99,74.99,74.87,74.87,378
1705070640,2024-01-12T09:44:00.000-05:00,74.9,74.9,74.9,74.9,139
1705070820,2024-01-12T09:47:00.000-05:00,74.9,74.9,74.9,74.9,562
1705071840,2024-01-12T10:04:00.000-05:00,74.62,74.62,74.62,74.62,169
1705071900,2024-01-12T10:05:00.000-05:00,74.83,74.83,74.83,74.83,100
1705072200,2024-01-12T10:10:00.000-05:00,74.78,74.78,74.78,74.78,100
1705072380,2024-01-12T10:13:00.000-05:00,74.745,74.81,74.71,74.72,1167
1705073940,2024-01-12T10:39:00.000-05:00,74.685,74.765,74.685,74.73,1356
1705074420,2024-01-12T10:47:00.000-05:00,75.01,75.065,75.01,75.065,484
1705074480,2024-01-12T10:48:00.000-05:00,75.32,75.32,75.32,75.32,1002
1705074780,2024-01-12T10:53:00.000-05:00,75.12,75.12,75.05,75.05,712
1705075080,2024-01-12T10:58:00.000-05:00,74.7541,74.7541,74.7541,74.7541,1007
1705075380,2024-01-12T11:03:00.000-05:00,74.97,74.97,74.97,74.97,213
1705075740,2024-01-12T11:09:00.000-05:00,75.12,75.12,75.12,75.12,106
1705076520,2024-01-12T11:22:00.000-05:00,74.95,74.95,74.95,74.95,102
1705077420,2024-01-12T11:37:00.000-05:00,74.825,74.825,74.825,74.825,246
1705077660,2024-01-12T11:41:00.000-05:00,74.85,74.92,74.85,74.85,1496
1705077960,2024-01-12T11:46:00.000-05:00,74.865,74.865,74.865,74.865,100
1705078140,2024-01-12T11:49:00.000-05:00,75.01,75.01,75.01,75.01,405
1705079460,2024-01-12T12:11:00.000-05:00,75.0711,75.0711,75.0711,75.0711,110
1705079760,2024-01-12T12:16:00.000-05:00,75.08,75.08,75.08,75.08,103
1705081740,2024-01-12T12:49:00.000-05:00,74.8461,74.8461,74.8461,74.8461,275
1705082280,2024-01-12T12:58:00.000-05:00,74.9177,74.9177,74.9177,74.9177,100
1705082640,2024-01-12T13:04:00.000-05:00,74.925,74.925,74.925,74.925,107
1705083120,2024-01-12T13:12:00.000-05:00,74.89,74.95,74.89,74.95,339
1705083840,2024-01-12T13:24:00.000-05:00,75.02,75.02,75.02,75.02,140
1705084560,2024-01-12T13:36:00.000-05:00,75.04,75.04,75.04,75.04,488
1705085280,2024-01-12T13:48:00.000-05:00,75.1849,75.1849,75.1849,75.1849,210
1705085460,2024-01-12T13:51:00.000-05:00,75.31,75.31,75.31,75.31,100
1705085640,2024-01-12T13:54:00.000-05:00,75.155,75.155,75.155,75.155,100
1705086240,2024-01-12T14:04:00.000-05:00,75.15,75.15,75.15,75.15,119
1705086360,2024-01-12T14:06:00.000-05:00,75.3,75.3,75.3,75.3,112
1705086780,2024-01-12T14:13:00.000-05:00,75.22,75.22,75.22,75.22,104
1705087860,2024-01-12T14:31:00.000-05:00,75.3,75.35,75.3,75.35,668
1705087920,2024-01-12T14:32:00.000-05:00,75.345,75.345,75.345,75.345,207
1705087980,2024-01-12T14:33:00.000-05:00,75.36,75.41,75.35,75.41,2429
1705088040,2024-01-12T14:34:00.000-05:00,75.5,75.5,75.5,75.5,100
1705088100,2024-01-12T14:35:00.000-05:00,75.55,75.55,75.55,75.55,321
1705088160,2024-01-12T14:36:00.000-05:00,75.56,75.56,75.56,75.56,135
1705089600,2024-01-12T15:00:00.000-05:00,75.7267,75.7267,75.7267,75.7267,211
1705089660,2024-01-12T15:01:00.000-05:00,75.74,75.74,75.74,75.74,252
1705089900,2024-01-12T15:05:00.000-05:00,75.75,75.75,75.75,75.75,135
1705089960,2024-01-12T15:06:00.000-05:00,75.74,75.74,75.73,75.73,913
1705090080,2024-01-12T15:08:00.000-05:00,75.64,75.64,75.64,75.64,122
1705090380,2024-01-12T15:13:00.000-05:00,75.471,75.49,75.471,75.49,302
1705090800,2024-01-12T15:20:00.000-05:00,75.5,75.5,75.5,75.5,106
1705090980,2024-01-12T15:23:00.000-05:00,75.46,75.46,75.46,75.46,105
1705091100,2024-01-12T15:25:00.000-05:00,75.515,75.515,75.515,75.515,113
1705091520,2024-01-12T15:32:00.000-05:00,75.48,75.505,75.48,75.505,343
1705091580,2024-01-12T15:33:00.000-05:00,75.5,75.5,75.5,75.5,111
1705091640,2024-01-12T15:34:00.000-05:00,75.505,75.505,75.47,75.47,497
1705091700,2024-01-12T15:35:00.000-05:00,75.45,75.5379,75.44,75.5379,2896
1705091820,2024-01-12T15:37:00.000-05:00,75.465,75.55,75.465,75.55,897
1705091880,2024-01-12T15:38:00.000-05:00,75.72,75.72,75.72,75.72,101
1705091940,2024-01-12T15:39:00.000-05:00,75.68,75.68,75.53,75.53,1134
1705092120,2024-01-12T15:42:00.000-05:00,75.65,75.65,75.65,75.65,207
1705092360,2024-01-12T15:46:00.000-05:00,75.61,75.61,75.61,75.61,124
1705092420,2024-01-12T15:47:00.000-05:00,75.651,75.66,75.651,75.66,372
1705092600,2024-01-12T15:50:00.000-05:00,75.615,75.615,75.615,75.615,218
1705092660,2024-01-12T15:51:00.000-05:00,75.66,75.66,75.62,75.62,383
1705092720,2024-01-12T15:52:00.000-05:00,75.62,75.83,75.62,75.83,1355
1705092780,2024-01-12T15:53:00.000-05:00,75.81,75.81,75.81,75.81,378
1705092900,2024-01-12T15:55:00.000-05:00,75.78,75.78,75.78,75.78,344
1705092960,2024-01-12T15:56:00.000-05:00,75.87,75.87,75.79,75.815,837
1705093080,2024-01-12T15:58:00.000-05:00,75.815,75.815,75.815,75.815,398
1705093140,2024-01-12T15:59:00.000-05:00,75.8,75.8,75.68,75.8,2760
1705093200,2024-01-12T16:00:00.000-05:00,75.82,75.82,75.82,75.82,10437
1705415400,2024-01-16T09:30:00.000-05:00,75.79,75.79,75.79,75.79,432
1705416000,2024-01-16T09:40:00.000-05:00,74.9115,74.9115,74.9115,74.9115,281
1705416360,2024-01-16T09:46:00.000-05:00,75.76,75.77,75.76,75.77,961
1705416420,2024-01-16T09:47:00.000-05:00,75.825,75.825,75.825,75.825,226
1705416600,2024-01-16T09:50:00.000-05:00,75.49,75.49,75.315,75.315,310
1705416780,2024-01-16T09:53:00.000-05:00,75.44,75.44,75.44,75.44,129
1705417200,2024-01-16T10:00:00.000-05:00,75.83,76.07,75.83,76.07,504
1705417380,2024-01-16T10:03:00.000-05:00,75.54,75.54,75.54,75.54,133
1705418100,2024-01-16T10:15:00.000-05:00,75.65,75.65,75.65,75.65,111
1705418160,2024-01-16T10:16:00.000-05:00,75.65,75.65,75.65,75.65,345
1705418340,2024-01-16T10:19:00.000-05:00,75.6,75.63,75.6,75.6,847
1705418520,2024-01-16T10:22:00.000-05:00,75.76,75.78,75.76,75.78,204
1705418580,2024-01-16T10:23:00.000-05:00,75.58,75.58,75.58,75.58,470
1705418640,2024-01-16T10:24:00.000-05:00,75.6,75.6,75.6,75.6,171
1705418760,2024-01-16T10:26:00.000-05:00,75.81,75.81,75.81,75.81,100
1705419300,2024-01-16T10:35:00.000-05:00,75.81,75.81,75.765,75.765,620
1705419360,2024-01-16T10:36:00.000-05:00,75.775,75.775,75.775,75.775,102
1705419420,2024-01-16T10:37:00.000-05:00,75.88,75.88,75.88,75.88,105
1705419480,2024-01-16T10:38:00.000-05:00,75.89,75.89,75.89,75.89,149
1705419780,2024-01-16T10:43:00.000-05:00,75.63,75.63,75.63,75.63,358
1705419900,2024-01-16T10:45:00.000-05:00,75.66,75.66,75.66,75.66,101
1705420200,2024-01-16T10:50:00.000-05:00,75.79,75.79,75.79,75.79,120
1705420800,2024-01-16T11:00:00.000-05:00,75.59,75.59,75.5,75.5,790
1705421220,2024-01-16T11:07:00.000-05:00,75.72,75.73,75.545,75.545,1010
1705421280,2024-01-16T11:08:00.000-05:00,75.515,75.515,75.515,75.515,138
1705421940,2024-01-16T11:19:00.000-05:00,75.63,75.63,75.63,75.63,101
1705422000,2024-01-16T11:20:00.000-05:00,75.64,75.64,75.575,75.575,592
1705422060,2024-01-16T11:21:00.000-05:00,75.64,75.64,75.64,75.64,356
1705422120,2024-01-16T11:22:00.000-05:00,75.665,75.665,75.665,75.665,106
1705422780,2024-01-16T11:33:00.000-05:00,75.74,75.74,75.74,75.74,221
1705423080,2024-01-16T11:38:00.000-05:00,75.71,75.71,75.71,75.71,1072
1705423620,2024-01-16T11:47:00.000-05:00,75.86,75.86,75.86,75.86,288
1705424040,2024-01-16T11:54:00.000-05:00,75.85,75.85,75.85,75.85,248
1705424220,2024-01-16T11:57:00.000-05:00,75.965,75.965,75.965,75.965,106
1705424520,2024-01-16T12:02:00.000-05:00,75.83,75.83,75.83,75.83,399
1705424580,2024-01-16T12:03:00.000-05:00,75.75,75.75,75.75,75.75,770
1705424760,2024-01-16T12:06:00.000-05:00,75.715,75.78,75.715,75.78,410
1705424820,2024-01-16T12:07:00.000-05:00,75.8,75.8,75.8,75.8,376
1705425480,2024-01-16T12:18:00.000-05:00,75.75,75.75,75.75,75.75,325
1705425540,2024-01-16T12:19:00.000-05:00,75.775,75.78,75.775,75.78,635
1705425720,2024-01-16T12:22:00.000-05:00,75.78,75.78,75.78,75.78,257
1705425840,2024-01-16T12:24:00.000-05:00,75.76,75.81,75.76,75.785,1195
1705425900,2024-01-16T12:25:00.000-05:00,75.785,75.8,75.71,75.79,3691
1705425960,2024-01-16T12:26:00.000-05:00,75.66,75.66,75.66,75.66,118
1705426080,2024-01-16T12:28:00.000-05:00,75.655,75.655,75.655,75.655,100
1705427340,2024-01-16T12:49:00.000-05:00,75.54,75.54,75.54,75.54,105
1705427520,2024-01-16T12:52:00.000-05:00,75.7,75.7,75.7,75.7,363
1705428180,2024-01-16T13:03:00.000-05:00,75.68,75.68,75.68,75.68,105
1705428300,2024-01-16T13:05:00.000-05:00,75.5,75.5,75.5,75.5,426
1705428600,2024-01-16T13:10:00.000-05:00,75.525,75.525,75.525,75.525,181
1705428780,2024-01-16T13:13:00.000-05:00,75.61,75.61,75.61,75.61,215
1705428960,2024-01-16T13:16:00.000-05:00,75.69,75.69,75.69,75.69,790
1705429140,2024-01-16T13:19:00.000-05:00,75.71,75.71,75.71,75.71,102
1705429200,2024-01-16T13:20:00.000-05:00,75.71,75.86,75.71,75.86,417
1705429860,2024-01-16T13:31:00.000-05:00,75.78,75.78,75.78,75.78,117
1705430640,2024-01-16T13:44:00.000-05:00,75.525,75.525,75.525,75.525,100
1705430760,2024-01-16T13:46:00.000-05:00,75.6,75.6,75.6,75.6,102
1705431180,2024-01-16T13:53:00.000-05:00,75.495,75.495,75.4625,75.4625,1054
1705431300,2024-01-16T13:55:00.000-05:00,75.46,75.565,75.46,75.5425,2282
1705431360,2024-01-16T13:56:00.000-05:00,75.545,75.66,75.545,75.63,1821
1705431780,2024-01-16T14:03:00.000-05:00,75.55,75.56,75.55,75.56,630
1705431840,2024-01-16T14:04:00.000-05:00,75.61,75.68,75.576,75.576,988
1705432320,2024-01-16T14:12:00.000-05:00,75.57,75.57,75.57,75.57,302
1705432860,2024-01-16T14:21:00.000-05:00,75.69,75.69,75.69,75.69,111
1705433160,2024-01-16T14:26:00.000-05:00,75.57,75.57,75.57,75.57,236
1705433700,2024-01-16T14:35:00.000-05:00,75.68,75.68,75.68,75.68,605
1705434420,2024-01-16T14:47:00.000-05:00,75.655,75.655,75.655,75.655,487
1705434600,2024-01-16T14:50:00.000-05:00,75.71,75.73,75.71,75.73,504
1705435200,2024-01-16T15:00:00.000-05:00,75.86,75.87,75.86,75.87,370
1705435260,2024-01-16T15:01:00.000-05:00,76.0,76.0,76.0,76.0,229
1705435980,2024-01-16T15:13:00.000-05:00,75.915,75.915,75.905,75.905,281
1705436040,2024-01-16T15:14:00.000-05:00,75.905,75.905,75.905,75.905,565
1705436220,2024-01-16T15:17:00.000-05:00,75.73,75.805,75.73,75.805,277
1705436760,2024-01-16T15:26:00.000-05:00,75.825,75.825,75.82,75.82,300
1705436880,2024-01-16T15:28:00.000-05:00,75.91,75.91,75.91,75.91,318
1705436940,2024-01-16T15:29:00.000-05:00,75.77,75.77,75.77,75.77,958
1705437000,2024-01-16T15:30:00.000-05:00,75.75,75.75,75.75,75.75,120
1705437360,2024-01-16T15:36:00.000-05:00,75.84,75.87,75.84,75.87,1592
1705437420,2024-01-16T15:37:00.000-05:00,75.95,75.95,75.95,75.95,196
1705437480,2024-01-16T15:38:00.000-05:00,76.0,76.0,76.0,76.0,288
1705437660,2024-01-16T15:41:00.000-05:00,76.01,76.01,76.01,76.01,103
1705437720,2024-01-16T15:42:00.000-05:00,76.0,76.0,75.95,75.95,510
1705437840,2024-01-16T15:44:00.000-05:00,76.03,76.06,76.03,76.06,854
1705437900,2024-01-16T15:45:00.000-05:00,76.06,76.06,76.06,76.06,225
1705438020,2024-01-16T15:47:00.000-05:00,76.08,76.08,76.08,76.08,442
1705438080,2024-01-16T15:48:00.000-05:00,76.14,76.15,76.14,76.15,314
1705438320,2024-01-16T15:52:00.000-05:00,76.065,76.065,76.01,76.01,957
1705438440,2024-01-16T15:54:00.000-05:00,75.89,76.02,75.815,75.815,1177
1705438500,2024-01-16T15:55:00.000-05:00,75.81,75.895,75.76,75.76,2532
1705438560,2024-01-16T15:56:00.000-05:00,75.78,75.79,75.78,75.79,2032
1705438620,2024-01-16T15:57:00.000-05:00,75.79,75.81,75.79,75.81,519
1705438680,2024-01-16T15:58:00.000-05:00,75.81,75.87,75.81,75.87,1290
1705438740,2024-01-16T15:59:00.000-05:00,75.91,75.92,75.78,75.85,3656
1705438800,2024-01-16T16:00:00.000-05:00,75.77,75.77,75.77,75.77,16633
